<?xml version="1.0" encoding="UTF-8"?>
<root>
  <item name="com.zero.ci.widget.recyclerview.SwipeMenu int getOrientation()">
    <annotation name="android.support.annotation.IntDef">
      <val name="value" val="{com.zero.ci.widget.recyclerview.SwipeMenu.HORIZONTAL, com.zero.ci.widget.recyclerview.SwipeMenu.VERTICAL}" />
    </annotation>
  </item>
  <item name="com.zero.ci.widget.recyclerview.SwipeMenu void setOrientation(int) 0">
    <annotation name="android.support.annotation.IntDef">
      <val name="value" val="{com.zero.ci.widget.recyclerview.SwipeMenu.HORIZONTAL, com.zero.ci.widget.recyclerview.SwipeMenu.VERTICAL}" />
    </annotation>
  </item>
  <item name="com.zero.ci.widget.recyclerview.SwipeMenu.OrientationMode">
    <annotation name="android.support.annotation.IntDef">
      <val name="value" val="{com.zero.ci.widget.recyclerview.SwipeMenu.HORIZONTAL, com.zero.ci.widget.recyclerview.SwipeMenu.VERTICAL}" />
    </annotation>
  </item>
  <item name="com.zero.ci.widget.recyclerview.SwipeMenuBridge int getDirection()">
    <annotation name="android.support.annotation.IntDef">
      <val name="value" val="{com.zero.ci.widget.recyclerview.SwipeRecyclerView.LEFT_DIRECTION, com.zero.ci.widget.recyclerview.SwipeRecyclerView.RIGHT_DIRECTION}" />
    </annotation>
  </item>
  <item name="com.zero.ci.widget.recyclerview.SwipeRecyclerView void smoothOpenMenu(int, int, int) 1">
    <annotation name="android.support.annotation.IntDef">
      <val name="value" val="{com.zero.ci.widget.recyclerview.SwipeRecyclerView.LEFT_DIRECTION, com.zero.ci.widget.recyclerview.SwipeRecyclerView.RIGHT_DIRECTION}" />
    </annotation>
  </item>
  <item name="com.zero.ci.widget.recyclerview.SwipeRecyclerView.DirectionMode">
    <annotation name="android.support.annotation.IntDef">
      <val name="value" val="{com.zero.ci.widget.recyclerview.SwipeRecyclerView.LEFT_DIRECTION, com.zero.ci.widget.recyclerview.SwipeRecyclerView.RIGHT_DIRECTION}" />
    </annotation>
  </item>
</root>

